15,5,multiply,75
100,50,subtract,50
20,5,add,25
20,5,multiply,100
7,5,add,12
7,10,add,17
20,15,multiply,300
20,15,multiply,300
20,15,add,35
1,5,add,6
100,5,divide,20
1,1,add,2
1,3,add,4
1,5,add,6
7,50,multiply,350
7,7,multiply,49
10,5,add,15
1,3,add,4
222,8,divide,27.75
1,5,modulo,1
2,3,power,8
25,0,square_root,5
1,1,add,2
1,8,add,9
100,60,subtract,40
13,80,add,93
13,93,add,106
13,106,add,119
13,119,add,132
50,50,add,100
5,0,square_root,2.23606797749979
2,5,power,32
1,1,add,2
100,5,add,105
7,5,subtract,2
1,1,add,2
